{
  "project_info": {
    "project_number": "563139350021",
    "firebase_url": "https://taxi-capstone-project-default-rtdb.asia-southeast1.firebasedatabase.app",
    "project_id": "taxi-capstone-project",
    "storage_bucket": "taxi-capstone-project.appspot.com"
  },
  "client": [
    {
      "client_info": {
        "mobilesdk_app_id": "1:563139350021:android:f24d764a099f81050b966c",
        "android_client_info": {
          "package_name": "com.taxi.driver"
        }
      },
      "oauth_client": [
        {
          "client_id": "563139350021-q6rbc4gras2o4qqhk9meahln6rho69q4.apps.googleusercontent.com",
          "client_type": 1,
          "android_info": {
            "package_name": "com.taxi.driver",
            "certificate_hash": "d3afa5971d5d1fe6cb357ad8d173ecf5c9c7604d"
          }
        },
        {
          "client_id": "563139350021-sv0smgiarj5kuk7ijcetft9kagr4jalp.apps.googleusercontent.com",
          "client_type": 3
        }
      ],
      "api_key": [
        {
          "current_key": "AIzaSyBm_zC8NVUrdZT5yZ7_ghUNLiClAFDCskU"
        }
      ],
      "services": {
        "appinvite_service": {
          "other_platform_oauth_client": [
            {
              "client_id": "563139350021-sv0smgiarj5kuk7ijcetft9kagr4jalp.apps.googleusercontent.com",
              "client_type": 3
            },
            {
              "client_id": "563139350021-qbduqtn3h7buk6o5cl9rvu13gpl6qbr0.apps.googleusercontent.com",
              "client_type": 2,
              "ios_info": {
                "bundle_id": "com.capstone.taxi"
              }
            }
          ]
        }
      }
    },
    {
      "client_info": {
        "mobilesdk_app_id": "1:563139350021:android:48a7286cd79585da0b966c",
        "android_client_info": {
          "package_name": "com.taxi.rider"
        }
      },
      "oauth_client": [
        {
          "client_id": "563139350021-ehkibefuqanlsmk6ei2p31lfvs0udtd8.apps.googleusercontent.com",
          "client_type": 1,
          "android_info": {
            "package_name": "com.taxi.rider",
            "certificate_hash": "9147c6f1e6edf179e2a9ca05cb3eb0bd9d250abc"
          }
        },
        {
          "client_id": "563139350021-sv0smgiarj5kuk7ijcetft9kagr4jalp.apps.googleusercontent.com",
          "client_type": 3
        }
      ],
      "api_key": [
        {
          "current_key": "AIzaSyBm_zC8NVUrdZT5yZ7_ghUNLiClAFDCskU"
        }
      ],
      "services": {
        "appinvite_service": {
          "other_platform_oauth_client": [
            {
              "client_id": "563139350021-sv0smgiarj5kuk7ijcetft9kagr4jalp.apps.googleusercontent.com",
              "client_type": 3
            },
            {
              "client_id": "563139350021-qbduqtn3h7buk6o5cl9rvu13gpl6qbr0.apps.googleusercontent.com",
              "client_type": 2,
              "ios_info": {
                "bundle_id": "com.capstone.taxi"
              }
            }
          ]
        }
      }
    }
  ],
  "configuration_version": "1"
}